,spp,redlistCategory,LatinName,Family1,Order1,Beak.Length_Culmen,Beak.Length_Nares,Beak.Width,Beak.Depth,Tarsus.Length,Wing.Length,Kipps.Distance,Secondary1,Hand.Wing.Index,Tail.Length,Mass,Reference.species,Habitat,Habitat.Density,Migration,Trophic.Level,Trophic.Niche,Primary.Lifestyle,Min.Latitude,Max.Latitude,Centroid.Latitude,Centroid.Longitude,Range.Size
1,Arctic Warbler,Least Concern,Phylloscopus borealis,Phylloscopidae,Passeriformes,13.5,8.8,3.1,3.1,17.9,66.2,17,48.9,25.8,47,10.9,NA,Forest,1,3,Carnivore,Invertivore,Insessorial,42.93,72.08,61.57,94.32,13315320.46
2,Ashy Tailorbird,Least Concern,Orthotomus ruficeps,Cisticolidae,Passeriformes,15.7,10.6,2.9,2.5,19.4,47.5,5.7,42.1,12,41.1,7,NA,Shrubland,1,1,Carnivore,Invertivore,Insessorial,-7.99,17.73,1.15,107.77,887360.64
3,Asian Brown Flycatcher,Least Concern,Muscicapa dauurica,Muscicapidae,Passeriformes,13.1,8,4.6,3.5,13.7,68.2,20.3,48.9,29.4,46.8,9.8,NA,Woodland,1,3,Carnivore,Invertivore,Insessorial,-5.7,63.53,48.12,113.45,6794474.03
4,Asian Fairy-Bluebird,Least Concern,Irena puella,Irenidae,Passeriformes,26.3,17.5,7.9,9.1,17.8,125.4,31.5,92.9,25.3,91.8,64.9,NA,Forest,1,1,Herbivore,Frugivore,Insessorial,-8.78,28.23,11.14,102.08,3709810.22
5,Asian Glossy Starling,Least Concern,Aplonis panayensis,Sturnidae,Passeriformes,22.2,13,5.2,6.3,21.8,95.5,33.2,62,34.9,59.4,56.2,NA,Shrubland,1,1,Herbivore,Frugivore,Insessorial,-8.85,24.53,3.77,109.47,2145170.85
6,Banded Bay Cuckoo,Least Concern,Cacomantis sonneratii,Cuculidae,Cuculiformes,23.7,15.2,6.4,5.4,15.3,107.4,34.5,69.3,33.3,95.8,33.8,NA,Forest,1,1,Carnivore,Invertivore,Insessorial,-8.78,33.08,13.43,96.57,4946192.25
7,Banded Broadbill,Near Threatened,Eurylaimus javanicus,Eurylaimidae,Passeriformes,29.5,19.7,17.2,11.9,26.8,101,19.1,81.9,18.9,56,78.2,NA,Forest,1,1,Carnivore,Invertivore,Insessorial,-8.78,-5.87,-7.3,109.93,126074.83
8,Banded Kingfisher,Least Concern,Lacedo pulchella,Alcedinidae,Coraciiformes,42.5,31.2,13.1,11.9,12,82,18.4,64.4,22.2,59.8,47.3,NA,Forest,1,1,Carnivore,Invertivore,Insessorial,-8.78,21.86,9.68,102.25,1429865.78
9,Banded Woodpecker,Least Concern,Chrysophlegma miniaceum,Picidae,Piciformes,29.9,20.4,8.5,8.4,22.7,121.2,22,100,18,71.4,97.3,NA,Forest,1,1,Carnivore,Invertivore,Insessorial,-7.82,13.49,1.34,108.88,1291605.29
10,Bar-winged Flycatcher-Shrike,Least Concern,Hemipus picatus,Vangidae,Passeriformes,12.2,8.4,4.3,3.7,11.2,60.7,9.4,52,15.3,55.5,9,NA,Shrubland,1,1,Carnivore,Invertivore,Insessorial,-5.95,30.92,16.08,97.88,4959601.62
11,Barred Eagle-Owl,Near Threatened,Bubo sumatranus,Strigidae,Strigiformes,48.6,26.5,15,23.4,41.3,331.8,84.8,249.2,25.4,165.6,1525,NA,Forest,1,1,Carnivore,Vertivore,Insessorial,-8.85,13.43,0.29,108.45,1415096.11
12,Black-and-red Broadbill,Least Concern,Cymbirhynchus macrorhynchos,Eurylaimidae,Passeriformes,26.2,15.7,13.6,12.6,24.8,101.4,21.6,81.7,21,83.4,59.4,NA,Forest,2,1,Carnivore,Invertivore,Insessorial,-5.95,17.21,2.77,107.53,1624283.49
13,Black-and-yellow Broadbill,Near Threatened,Eurylaimus ochromalus,Eurylaimidae,Passeriformes,20.4,13.7,12.3,8,20.5,78.8,18.3,61,22.9,47.8,33.3,NA,Forest,1,1,Carnivore,Invertivore,Insessorial,-6.17,15.76,1.57,109.44,1128803.82
14,Black-capped Babbler,Least Concern,Pellorneum capistratum,Pellorneidae,Passeriformes,18.1,9.9,2.9,4,26.9,70,4.8,62.9,7,56,25.1,Pellorneum nigrocapitatum,Forest,1,1,Carnivore,Invertivore,Terrestrial,-8.78,-5.91,-7.31,109.95,121654.55
15,Black-headed Munia,Least Concern,Lonchura malacca,Estrildidae,Passeriformes,12.2,8.3,7,8.1,17.1,54.7,13.6,42,24.4,37.8,12.6,NA,Wetland,3,1,Herbivore,Granivore,Insessorial,5.92,24.56,17.61,79.15,573511.14
16,Black-naped Monarch,Least Concern,Hypothymis azurea,Monarchidae,Passeriformes,11.8,8.5,4.6,3.7,15.8,69.8,11.1,58.6,16,75.2,11.1,NA,Forest,1,1,Carnivore,Invertivore,Insessorial,-9.11,31,16.05,98.4,7041185.04
17,Black-throated Babbler,Near Threatened,Stachyris nigricollis,Timaliidae,Passeriformes,19.9,12.6,4,5.6,23,71.8,8.9,62.6,12.4,54.4,26.2,NA,Forest,1,1,Carnivore,Invertivore,Insessorial,-5.21,9.84,2.95,104.77,170687.25
18,Black-winged Flycatcher-Shrike,Least Concern,Hemipus hirundinaceus,Vangidae,Passeriformes,14.7,11.2,5,4.9,12.6,63.1,9.5,53.6,15.1,49.2,10.2,NA,Forest,1,1,Carnivore,Invertivore,Insessorial,-8.85,11.92,0.5,108.23,1391676.2
19,Black Magpie,Least Concern,Platysmurus leucopterus,Corvidae,Passeriformes,35.8,26.2,12.3,17.2,36.9,186,24.5,159.5,13.3,179,180,NA,Forest,1,1,Omnivore,Omnivore,Insessorial,-6.08,14.09,1.93,101.28,624071.23
20,Blue-eared Kingfisher,Least Concern,Alcedo meninting,Alcedinidae,Coraciiformes,41.9,34,5.2,7.2,8.7,65,15.9,47.3,25.2,28.5,20.4,NA,Riverine,2,1,Carnivore,Aquatic predator,Insessorial,-8.96,28.42,10.45,101.99,3655192.84
21,Blue-rumped Parrot,Near Threatened,Psittinus cyanurus,Psittacidae,Psittaciformes,20.7,20.2,12.9,19.8,13.5,121.2,55.1,59.4,48.1,50,60.5,NA,Forest,1,1,Herbivore,Omnivore,Insessorial,-5.95,10.94,1.09,108.22,1398599.34
22,Blue-throated Bee-eater,Least Concern,Merops viridis,Meropidae,Coraciiformes,35.1,29.1,7.3,7.5,9.7,111.6,22.1,89.5,19.8,75.8,34.8,NA,Woodland,2,1,Carnivore,Invertivore,Insessorial,-8.78,30.33,11.3,108.76,3204518.18
23,Blyth's Hawk-Eagle,Least Concern,Nisaetus alboniger,Accipitridae,Accipitriformes,48,24.3,12.9,20.3,77.1,325.2,82,245.2,25.1,239.5,830,NA,Forest,1,1,Carnivore,Vertivore,Insessorial,-5.95,11.07,2.4,106.95,800448.35
24,Bornean Bristlehead,Vulnerable,Pityriasis gymnocephala,Pityriasidae,Passeriformes,36.7,21.9,11.4,15.4,29.2,146.5,27.4,122.1,18.3,73.5,128.5,NA,Forest,1,1,Carnivore,Invertivore,Insessorial,-4.19,7.16,0.85,114.21,737437.83
25,Bornean Wren-Babbler,Vulnerable,Ptilocichla leucogrammica,Pellorneidae,Passeriformes,22.2,13.6,4.1,5,31.4,79.8,4.7,74.8,5.9,45.4,39.5,NA,Forest,1,1,Carnivore,Invertivore,Generalist,-4.19,7.04,0.56,114.11,604986.63
26,Brahminy Kite,Least Concern,Haliastur indus,Accipitridae,Accipitriformes,48.8,24.4,12.9,17,48.2,399.8,147,257.2,36.4,203.8,529,NA,Coastal,2,1,Carnivore,Omnivore,Generalist,-35.15,34.2,9.01,106.46,8840397.2
27,Bronzed Drongo,Least Concern,Dicrurus aeneus,Dicruridae,Passeriformes,21.6,13.3,7.6,6.1,16,116.9,34.4,82.5,29.4,84.6,26,NA,Forest,1,1,Carnivore,Invertivore,Insessorial,-5.95,31.13,14.77,98.92,4639369.76
28,Brown Barbet,Least Concern,Caloramphus fuliginosus,Megalaimidae,Piciformes,25.1,17.4,7.8,11.7,20.2,78.2,15.4,62.8,19.7,45.2,42.6,NA,Forest,1,1,Herbivore,Frugivore,Insessorial,-4.19,7.09,0.89,114.23,729941.66
29,Brown Fulvetta,Near Threatened,Alcippe brunneicauda,Leiotrichidae,Passeriformes,13.9,8.9,3.6,4.2,21,71.7,10.8,61.6,14.8,61.6,14.3,NA,Forest,1,1,Carnivore,Invertivore,Insessorial,-4.19,9,1.4,112.09,764716.7
30,Buff-necked Woodpecker,Near Threatened,Meiglyptes tukki,Picidae,Piciformes,25.2,19.9,7.2,7.3,21,96.8,15.2,81.6,15.6,57.7,53.1,NA,Forest,1,1,Carnivore,Invertivore,Insessorial,-5.95,14.25,1.2,108.06,772219.58
31,Buff-rumped Woodpecker,Endangered,Meiglyptes tristis,Picidae,Piciformes,19.9,15.2,6.5,6.5,18,91.1,17.9,73.4,19.6,46.3,31.7,NA,Forest,1,1,Carnivore,Invertivore,Insessorial,-7.82,-5.87,-6.84,107.4,50016.69
32,Bushy-crested Hornbill,Near Threatened,Anorrhinus galeritus,Bucerotidae,Bucerotiformes,134.2,115.1,34.8,54.1,41.5,341,31.9,303.5,9.8,269.6,1172,NA,Forest,1,1,Omnivore,Frugivore,Insessorial,-5.95,11.13,1.15,108.27,1381919.99
33,Chestnut-naped Forktail,Near Threatened,Enicurus ruficapillus,Muscicapidae,Passeriformes,22,14.7,4.2,4.6,26.4,88.8,21.2,66.3,24.1,72,28.2,NA,Forest,2,1,Carnivore,Aquatic predator,Terrestrial,-6.17,12.82,1.16,108.1,1105095.6
34,Chestnut-rumped Babbler,Near Threatened,Stachyris maculata,Timaliidae,Passeriformes,21.5,14.1,3.9,5.7,24.1,85.4,9.4,76.1,11,70.6,29.2,NA,Forest,1,1,Carnivore,Invertivore,Insessorial,-5.14,9.67,0.65,110.05,586781.16
35,Cinnamon-rumped Trogon,Near Threatened,Harpactes orrhophaeus,Trogonidae,Trogoniformes,17,10.8,7.4,9.1,11.2,108.2,34.9,73.7,32.2,118.5,52.8,NA,Forest,1,1,Carnivore,Invertivore,Insessorial,-5.95,9.16,2.19,108.52,470107.45
36,Collared Kingfisher,Least Concern,Todiramphus chloris,Alcedinidae,Coraciiformes,50.5,41.9,14.3,12.7,15.7,107.3,25.4,81.3,23.8,67.3,66.1,NA,Woodland,2,1,Carnivore,Invertivore,Insessorial,-30.17,25.1,0.66,114.99,3828153.1
37,Common Iora,Least Concern,Aegithina tiphia,Aegithinidae,Passeriformes,17,10.8,4.3,4.5,19.7,61.6,6.2,55.2,10,47.8,12,NA,Forest,1,1,Carnivore,Invertivore,Insessorial,-8.85,32.65,15.54,93.44,6356008.52
38,Cream-vented Bulbul,Least Concern,Pycnonotus simplex,Pycnonotidae,Passeriformes,15.9,10.1,4,4.6,17.5,79.6,10.7,69,13.4,67.5,25.1,NA,Forest,1,1,Herbivore,Frugivore,Insessorial,-8.78,10.96,0.49,108.83,1340820.45
39,Crested Fireback,Vulnerable,Lophura ignita,Phasianidae,Galliformes,38.6,20,11.4,12,97,280,48.1,226.7,17.4,239.4,1768.1,NA,Forest,1,1,Herbivore,Omnivore,Terrestrial,-3.63,6.53,0.74,114.33,486548.86
40,Crested Goshawk,Least Concern,Accipiter trivirgatus,Accipitridae,Accipitriformes,31.7,17.3,10.5,14.1,56.9,216.2,49.6,166.1,23,171.9,265,NA,Forest,1,1,Carnivore,Vertivore,Insessorial,-8.85,31.08,13.91,101.71,3366430.69
41,Crested Jay,Near Threatened,Platylophus galericulatus,Platylophidae,Passeriformes,30.3,18.9,8.8,10.6,32.4,136,16.8,119,12.3,113.6,77.9,NA,Forest,1,1,Carnivore,Invertivore,Insessorial,-8.78,12.82,0.54,108.19,1559387.65
42,Crested Partridge,Vulnerable,Rollulus rouloul,Phasianidae,Galliformes,24.4,10.2,6.3,8.3,40.3,136,30.2,105.1,22.2,59.3,216.5,NA,Forest,1,1,Omnivore,Omnivore,Terrestrial,-5.95,13.38,1.25,108.12,1418641.22
43,Crimson-winged Woodpecker,Least Concern,Picus puniceus,Picidae,Piciformes,28,22.6,7,7.1,19.7,121.2,28.2,91.3,23.6,80,79.1,NA,Forest,1,1,Carnivore,Invertivore,Insessorial,-8.13,13.48,0.99,108.66,1380604.21
44,Crimson Sunbird,Least Concern,Aethopyga siparaja,Nectariniidae,Passeriformes,19,14.3,3.4,2.4,13,50.4,8.7,40.8,17.4,38.1,6.7,NA,Forest,2,1,Herbivore,Nectarivore,Insessorial,-8.78,33.09,14.37,100.15,4911554.19
45,Dark-necked Tailorbird,Least Concern,Orthotomus atrogularis,Cisticolidae,Passeriformes,15.2,10,2.7,2.5,17.3,42.9,4.5,38.4,10.5,35.1,7.7,NA,Forest,1,1,Carnivore,Invertivore,Insessorial,-5.95,26.37,9.41,104.98,2752593.84
46,Dark-sided Flycatcher,Least Concern,Muscicapa sibirica,Muscicapidae,Passeriformes,11.7,6.4,4.6,3.1,13.1,75.5,24.8,50,33,45.7,13.2,NA,Forest,1,3,Carnivore,Invertivore,Insessorial,20.94,60.98,48.35,116.38,8436138.82
47,Dark-throated Oriole,Near Threatened,Oriolus xanthonotus,Oriolidae,Passeriformes,24.2,17.1,7.3,7.3,20.9,106.8,27,80,25.2,65.4,45,NA,Forest,1,1,Omnivore,Frugivore,Insessorial,-8.47,14.39,0.94,108.75,1161887.17
48,Diard's Trogon,Near Threatened,Harpactes diardii,Trogonidae,Trogoniformes,25.4,14.7,12.3,12.4,16.8,142.4,49.3,90.7,35.3,154.6,98.3,NA,Forest,1,1,Carnivore,Invertivore,Insessorial,-5.91,10.11,1.25,109.84,1108720.01
49,Dollarbird,Least Concern,Eurystomus orientalis,Coraciidae,Coraciiformes,32,20.1,11.8,13.4,16.8,186.2,68.4,116.8,36.9,98,143,NA,Woodland,2,3,Carnivore,Invertivore,Aerial,-38.83,55.19,14.36,121.24,12922409.59
50,Dusky Broadbill,Least Concern,Corydon sumatranus,Eurylaimidae,Passeriformes,27.4,18.9,20.6,15.7,25.4,131.1,28.1,103.5,21.4,92.1,140,NA,Forest,1,1,Carnivore,Invertivore,Insessorial,-5.95,20.44,6.66,106.24,2209826.9
51,Dusky Munia,Least Concern,Lonchura fuscans,Estrildidae,Passeriformes,11.4,7.9,6,7.8,13.6,49.5,8.4,40.8,17.1,38,9.5,NA,Grassland,3,1,Herbivore,Granivore,Insessorial,-4.19,7.36,0.88,114.2,737265.04
52,Emerald Dove,Least Concern,Chalcophaps indica,Columbidae,Columbiformes,20.9,11.3,3.1,4.2,25.8,143.9,40,100.1,28.7,83.9,136.5,NA,Forest,1,1,Herbivore,Omnivore,Generalist,-10.58,29.54,11.66,104.11,4704607.55
53,Everett's White-eye,Least Concern,Zosterops everetti,Zosteropidae,Passeriformes,13,8,3.2,3.1,15.4,53.6,10.4,42.1,19.8,38.3,10,NA,Forest,1,1,Herbivore,Omnivore,Insessorial,3.82,12.58,8.65,124.53,122580.16
54,Ferruginous Babbler,,Trichastoma bicolor,Pellorneidae,Passeriformes,19.3,11.6,4.8,4.8,29.6,84.3,9.1,75,10.8,65.2,27.2,NA,Forest,1,1,Carnivore,Invertivore,Terrestrial,-5.95,10.87,1.4,111.32,785296.58
55,Fiery Minivet,Near Threatened,Pericrocotus igneus,Campephagidae,Passeriformes,14.7,8.2,4.5,3.9,15.8,72.5,19.1,53.8,26.2,64,15,NA,Forest,2,1,Carnivore,Invertivore,Insessorial,-6.12,11.98,1.37,108.31,1266299.03
56,Fluffy-backed Tit-Babbler,Near Threatened,Macronus ptilosus,Timaliidae,Passeriformes,18,10.4,4.3,4.4,22.7,70.8,7,65.6,9.6,62.6,18,NA,Forest,1,1,Carnivore,Invertivore,Insessorial,-5.78,12.38,0.79,107.21,444346.1
57,Golden-bellied Gerygone,Least Concern,Gerygone sulphurea,Acanthizidae,Passeriformes,12.8,7.5,3,2.4,16.6,54.4,8.8,41.2,17.5,37.5,5.6,NA,Woodland,2,1,Carnivore,Invertivore,Insessorial,-10.78,18.65,1.6,111.3,1733224.34
58,Great Argus,Vulnerable,Argusianus argus,Phasianidae,Galliformes,40.8,17.3,8.3,11.1,90.9,384.2,29,355.2,8,715.8,1959.9,NA,Forest,1,1,Herbivore,Frugivore,Terrestrial,-5.95,10.66,1.09,108.39,1354529.31
59,Great Slaty Woodpecker,Vulnerable,Mulleripicus pulverulentus,Picidae,Piciformes,69,47.5,14.6,14.3,38.9,238.6,58.7,180.1,24.5,171.4,450.2,NA,Forest,1,1,Carnivore,Invertivore,Insessorial,-7.55,32.49,12.72,103.58,2509970.1
60,Greater Coucal,Least Concern,Centropus sinensis,Cuculidae,Cuculiformes,46.6,29.3,9.9,16.3,55.6,212.4,30.9,181.9,14.6,260.9,280.7,NA,Woodland,2,1,Carnivore,Vertivore,Terrestrial,-8.85,33.58,18,93.56,7931391.58
61,Greater Green Leafbird,Endangered,Chloropsis sonnerati,Chloropseidae,Passeriformes,24.7,16.6,5,6.4,21.2,100.6,21.1,79.6,21,71,45.8,NA,Forest,1,1,Omnivore,Omnivore,Insessorial,-8.78,13.77,0.88,108.46,1386747.46
62,Greater Racket-tailed Drongo,Least Concern,Dicrurus paradiseus,Dicruridae,Passeriformes,32.5,20.1,10,10.7,24.5,142.9,31.1,111.8,21.8,204.8,85.8,NA,Forest,1,1,Carnivore,Invertivore,Insessorial,-8.85,30.82,14.98,94.83,5998619.7
63,Green Broadbill,Near Threatened,Calyptomena viridis,Calyptomenidae,Passeriformes,16.6,8.7,6,6,21.4,97.8,16.5,82.1,16.7,51.6,58.5,NA,Forest,1,1,Herbivore,Frugivore,Insessorial,-5.95,16.15,1.69,107.77,1457426.48
64,Green Iora,Near Threatened,Aegithina viridissima,Aegithinidae,Passeriformes,15.9,10.6,4.2,4.4,17.7,61.9,7,54.7,11.4,43.9,13.4,NA,Forest,1,1,Carnivore,Invertivore,Insessorial,-6.17,12.67,1.02,108.24,1109607.12
65,Grey-and-buff Woodpecker,Least Concern,Hemicircus concretus,Picidae,Piciformes,19,17.3,5.4,6.2,15.9,83.9,11.6,72.3,13.8,27.1,29.4,NA,Forest,1,1,Carnivore,Invertivore,Insessorial,-8.45,-5.87,-7.18,109.26,102171.06
66,Grey-headed Babbler,Least Concern,Stachyris poliocephala,Timaliidae,Passeriformes,18.8,11.4,4,5.7,24.4,69,7.4,61,10.8,51,23.3,NA,Forest,1,1,Carnivore,Invertivore,Insessorial,-5.95,8.54,1.89,106.49,715193.38
67,Grey-headed Canary-Flycatcher,Least Concern,Culicicapa ceylonensis,Stenostiridae,Passeriformes,11.7,5.9,3.8,2.5,12.2,58.4,11,47.2,18.9,48.4,7.7,NA,Woodland,1,1,Carnivore,Invertivore,Insessorial,-10.32,35.58,17.21,103.12,4653880.02
68,Grey-rumped Treeswift,Least Concern,Hemiprocne longipennis,Hemiprocnidae,Caprimulgiformes,7.1,4,3.4,2.4,12.8,167.6,99.6,67.1,59.7,102,42.8,NA,Forest,1,1,Carnivore,Invertivore,Aerial,-8.96,13.01,0.16,110.81,1465704.57
69,Hairy-backed Bulbul,Least Concern,Tricholestes criniger,Pycnonotidae,Passeriformes,15.7,10.2,4,4,15.4,73.2,11.1,61.8,15.3,63.4,17.1,NA,Forest,1,1,Omnivore,Omnivore,Insessorial,-6.08,11.93,0.92,107.73,1220380.84
70,Helmeted Hornbill,Critically Endangered,Rhinoplax vigil,Bucerotidae,Bucerotiformes,203.8,193.5,53,110.9,65.8,468,27,450.5,5.7,419.8,2887.6,NA,Forest,1,1,Omnivore,Frugivore,Insessorial,-5.66,12.04,1.29,108.67,1216391.66
71,Hill Myna,Least Concern,Gracula religiosa,Sturnidae,Passeriformes,33,21,10,12.9,37.8,169.3,43.9,125.5,26,79.8,192,NA,Forest,1,1,Herbivore,Frugivore,Insessorial,-8.85,29.93,12.45,101.59,3864550.11
72,Hooded Pitta,Least Concern,Pitta sordida,Pittidae,Passeriformes,25.6,15.1,6,8.4,38.5,104.8,18.9,86.7,18.1,35.7,64.5,NA,Forest,1,3,Carnivore,Invertivore,Terrestrial,-7.52,32.3,11.98,103.84,2977202.55
73,Indian Cuckoo,Least Concern,Cuculus micropterus,Cuculidae,Cuculiformes,30.3,19.4,8.4,9.3,19.5,196.3,87.9,107,45.1,146.1,88.8,NA,Forest,1,1,Carnivore,Invertivore,Insessorial,-8.78,52.34,25.25,107.12,10050685.23
74,Jerdon's Baza,Least Concern,Aviceda jerdoni,Accipitridae,Accipitriformes,45.5,21.7,12.9,15.9,34.7,302.8,76.9,222.9,25.6,211,363,NA,Forest,2,1,Carnivore,Omnivore,Insessorial,-5.95,28.63,6.17,107.44,1592906.95
75,Large Frogmouth,Near Threatened,Batrachostomus auritus,Podargidae,Caprimulgiformes,35.5,27.4,42.8,20,21.9,260.5,58.7,201.9,22.5,194.8,206,NA,Forest,1,1,Carnivore,Invertivore,Insessorial,-5.16,8.71,1,113.66,565685.32
76,Lesser Coucal,Least Concern,Centropus bengalensis,Cuculidae,Cuculiformes,28.2,15.7,6.6,11,39.3,154.6,29.6,129.6,18.6,185.2,148.9,NA,Grassland,2,1,Carnivore,Invertivore,Terrestrial,-10.94,33.04,14.75,105.79,6030216.39
77,Lesser Green Leafbird,Near Threatened,Chloropsis cyanopogon,Chloropseidae,Passeriformes,18.7,12.8,4.2,5,18.9,81.9,14.9,68.1,17.8,63,22,NA,Forest,1,1,Omnivore,Omnivore,Insessorial,-5.95,9.85,1.18,108.43,1210976.46
78,Little Spiderhunter,Least Concern,Arachnothera longirostra,Nectariniidae,Passeriformes,41.8,34.3,4,3.8,17.5,66.9,9.5,57.6,14.1,42,12.5,NA,Forest,1,1,Omnivore,Nectarivore,Insessorial,-8.85,28.4,11.25,102.5,3514761.53
79,Long-billed Spiderhunter,Least Concern,Arachnothera robusta,Nectariniidae,Passeriformes,58.2,48.7,6.1,5.9,17.4,84.2,17.4,65.6,20.9,52.2,29.3,NA,Forest,1,1,Omnivore,Invertivore,Insessorial,-8.78,9.41,0.97,106.35,630859.75
80,Long-tailed Shrike,Least Concern,Lanius schach,Laniidae,Passeriformes,21.8,13.2,6.8,9.2,29.2,92.4,18.6,73.2,20.3,123.3,51.5,NA,Shrubland,2,2,Carnivore,Invertivore,Insessorial,-10.25,44.41,23.44,92.75,11170512.1
81,Malaysian Honeyguide,Near Threatened,Indicator archipelagicus,Indicatoridae,Piciformes,13.8,7.4,4,5.5,13.1,88.8,18.8,70,21.1,58.2,32.4,NA,Forest,1,1,Carnivore,Invertivore,Insessorial,-6.17,9.52,1.12,108.26,1098002.15
82,Maroon Woodpecker,Least Concern,Blythipicus rubiginosus,Picidae,Piciformes,32.8,26,7.5,8,21.2,119.4,16.4,102.9,13.7,63.6,81.9,NA,Forest,1,1,Carnivore,Invertivore,Insessorial,-5.98,12.63,1.13,108.43,1344203.74
83,Moustached Babbler,Least Concern,Malacopteron magnirostre,Pellorneidae,Passeriformes,17.1,9.8,4.2,4.8,20.2,76.6,9.7,65.8,12.9,63.4,19.3,NA,Forest,1,1,Carnivore,Invertivore,Insessorial,-5.95,12.01,1.08,108.57,1312918
84,Narcissus Flycatcher,Least Concern,Ficedula narcissina,Muscicapidae,Passeriformes,14,7.6,4.1,3.5,16.2,75.2,22.6,52.9,29.9,47.4,13.1,NA,Forest,2,3,Carnivore,Invertivore,Insessorial,30.99,50.01,40.79,138.04,544878.05
85,Olive-winged Bulbul,Least Concern,Pycnonotus plumosus,Pycnonotidae,Passeriformes,17.4,10.8,4.7,5.2,20.4,83.1,9.3,74.2,11.1,71.6,34.9,NA,Shrubland,2,1,Herbivore,Frugivore,Insessorial,-8.85,14.03,0.58,107.94,1506344.75
86,Orange-bellied Flowerpecker,Least Concern,Dicaeum trigonostigma,Dicaeidae,Passeriformes,12.1,8.3,3.4,3.1,13.2,49.5,8.3,41.1,16.8,23,7.1,NA,Forest,1,1,Herbivore,Omnivore,Insessorial,-8.85,24.79,5.86,107.29,2286467.14
87,Orange-breasted Trogon,Least Concern,Harpactes oreskios,Trogonidae,Trogoniformes,17.7,11.7,7.6,8.3,12.6,122.4,47.9,74.3,39.2,136.6,57.3,NA,Forest,1,1,Carnivore,Invertivore,Insessorial,-8.4,26.08,14.68,103.12,1639985.91
88,Oriental Dwarf Kingfisher,Least Concern,Ceyx erithaca,Alcedinidae,Coraciiformes,36.1,29.5,7.1,7.8,8.3,58.2,8,50.6,13.7,24.8,17.8,NA,Forest,1,1,Carnivore,Invertivore,Insessorial,-10.32,27.49,8.98,102.67,3196823.57
89,Pied Fantail,Least Concern,Rhipidura javanica,Rhipiduridae,Passeriformes,14,9.7,4.5,3.7,16.1,68,10,58,14.7,67.3,12.5,NA,Woodland,2,1,Carnivore,Invertivore,Insessorial,-8.96,19.11,4.3,107.57,1594085.24
90,Plain Sunbird,Least Concern,Anthreptes simplex,Nectariniidae,Passeriformes,16,11.8,3.4,3.1,14.9,59.9,9.7,50.2,16.1,44.8,8.9,NA,Forest,1,1,Omnivore,Omnivore,Insessorial,-5.95,13.34,1.43,108.8,1062052.92
91,Plaintive Cuckoo,Least Concern,Cacomantis merulinus,Cuculidae,Cuculiformes,20.8,12.8,5.3,5.6,15.5,104.2,34,70.7,32.5,103.7,25.3,NA,Woodland,2,1,Carnivore,Invertivore,Insessorial,-8.85,29.56,13.43,105.48,5031778.72
92,Raffles's Malkoha,Least Concern,Rhinortha chlorophaea,Cuculidae,Cuculiformes,30.5,21.4,8.8,9.8,27.3,118,11.7,106.8,9.9,159.8,51.2,NA,Forest,2,1,Carnivore,Invertivore,Insessorial,-5.95,14.07,1.36,108.05,1422260.56
93,Red-bearded Bee-eater,Least Concern,Nyctyornis amictus,Meropidae,Coraciiformes,47,36.6,9.8,11.4,12.3,119.1,21.6,101.3,17.6,120,71.9,NA,Forest,1,1,Carnivore,Invertivore,Insessorial,-5.95,17.66,1.98,107.61,1492016.66
94,Red-billed Malkoha,Least Concern,Zanclostomus javanicus,Cuculidae,Cuculiformes,37.2,22.7,8.4,11.2,33.3,144.2,16.7,126.3,11.7,227.7,109,NA,Forest,2,1,Carnivore,Invertivore,Insessorial,-8.78,13.98,0.69,108.22,1534805.96
95,Red-eyed Bulbul,Least Concern,Pycnonotus brunneus,Pycnonotidae,Passeriformes,16.5,9.4,4.4,4.8,18.9,82.2,9.8,70.7,12.3,71.7,28.8,NA,Forest,1,1,Herbivore,Frugivore,Insessorial,-5.95,10.72,1.02,108.45,1138188.08
96,Red-naped Trogon,Near Threatened,Harpactes kasumba,Trogonidae,Trogoniformes,21.2,13.8,9.9,11.5,13.4,139,47.1,88.6,34.7,155,96.9,NA,Forest,1,1,Carnivore,Invertivore,Insessorial,-5.91,8.77,1.06,110.69,989216.33
97,Red-throated Barbet,Near Threatened,Psilopogon mystacophanos,Megalaimidae,Piciformes,35.2,30,14.9,13.3,25.2,95.2,14.8,79,15.8,54.3,77.4,NA,Forest,1,1,Omnivore,Frugivore,Insessorial,-5.95,16.55,1.44,108.11,1239604.69
98,Rufous-chested Flycatcher,Least Concern,Ficedula dumetoria,Muscicapidae,Passeriformes,13.2,8.1,4.4,3.4,16.4,59.4,10.3,49.5,17.2,39.8,9.4,NA,Forest,1,1,Carnivore,Invertivore,Insessorial,-8.97,10.09,1.73,110.46,377877.31
99,Rufous-collared Kingfisher,Near Threatened,Actenoides concretus,Alcedinidae,Coraciiformes,48.9,37.5,12.8,13.4,14.9,110.8,23.7,87,21.5,58.5,73.5,NA,Forest,1,1,Carnivore,Invertivore,Insessorial,-6.11,12.95,1.16,108.63,1024430.32
100,Rufous-crowned Babbler,Near Threatened,Malacopteron magnum,Pellorneidae,Passeriformes,20.3,12,4.7,5.7,22.2,84.8,10,75,11.8,70.4,27.2,NA,Forest,1,1,Carnivore,Invertivore,Insessorial,-5.9,11.6,0.65,110.72,666939.16
101,Rufous-tailed Tailorbird,Least Concern,Orthotomus sericeus,Cisticolidae,Passeriformes,17.9,12,3.1,2.8,21.6,49.5,3.9,45.2,7.8,41.1,10.8,NA,Forest,2,1,Carnivore,Invertivore,Insessorial,-5.95,12.62,1.22,108,1068502.74
102,Rufous Piculet,Least Concern,Sasia abnormis,Picidae,Piciformes,13.9,11.5,4.1,4.9,13.7,52.4,5.1,47,9.7,22.7,9.2,NA,Forest,1,1,Carnivore,Invertivore,Insessorial,-7.61,17.86,1.66,109.54,1159649.15
103,Rufous Woodpecker,Least Concern,Micropternus brachyurus,Picidae,Piciformes,28,19.4,7.5,7.9,20,118.2,20.9,96.2,17.9,66,85.9,NA,Forest,1,1,Carnivore,Invertivore,Insessorial,-8.08,31.16,17.03,99.44,6131273.93
104,Scaly-breasted Munia,Least Concern,Lonchura punctulata,Estrildidae,Passeriformes,11.8,8.8,6.7,7.5,14,52.6,11.9,42.4,22,39,13.6,NA,Grassland,2,1,Herbivore,Granivore,Generalist,-10.94,35.69,18.7,96.89,7189322.58
105,Scaly-crowned Babbler,Least Concern,Malacopteron cinereum,Pellorneidae,Passeriformes,17,10.8,3.5,4.5,21.4,76.5,9.5,66.9,12.3,59.3,18.1,NA,Forest,1,1,Carnivore,Invertivore,Insessorial,-8.11,21.2,4.95,108.98,1526343.71
106,Scarlet-breasted Flowerpecker,Near Threatened,Prionochilus thoracicus,Dicaeidae,Passeriformes,11.8,7.7,4.2,4.5,15,62.2,12.1,50.4,19.3,29.6,8.9,NA,Forest,1,1,Carnivore,Invertivore,Insessorial,-6.17,7.1,0.76,108.43,1143891.73
107,Scarlet-rumped Trogon,Near Threatened,Harpactes duvaucelii,Trogonidae,Trogoniformes,17.4,10.2,6.7,7.7,11.5,107.4,37.8,67.2,36,115,38.9,NA,Forest,1,1,Carnivore,Invertivore,Insessorial,-5.95,13.01,1.31,108,1253065.68
108,Scarlet Minivet,Least Concern,Pericrocotus flammeus,Campephagidae,Passeriformes,18.7,10.7,6.1,5.5,17,92.1,25.9,66.1,28.1,88.4,23.3,NA,Forest,1,1,Carnivore,Invertivore,Insessorial,-8.96,32.89,16.07,101.41,6349411.65
109,Short-toed Coucal,Vulnerable,Centropus rectunguis,Cuculidae,Cuculiformes,41.4,26.2,8.3,14.7,43.5,160,16.2,143.8,10.2,177.5,238,NA,Forest,1,1,Carnivore,Invertivore,Terrestrial,-5.95,7.04,0.53,108.04,1104920.96
110,Slender-billed Crow,Least Concern,Corvus enca,Corvidae,Passeriformes,58,41.4,14.9,19.4,50.4,277.6,92.4,188.4,32.5,140.8,251,NA,Forest,1,1,Omnivore,Omnivore,Insessorial,-8.85,19.58,1.25,112.99,1629657.05
111,Sooty-capped Babbler,Near Threatened,Malacopteron affine,Pellorneidae,Passeriformes,15.5,9.7,4.1,4.3,20.6,72.1,6.3,65.6,8.7,63.6,17.1,NA,Forest,1,1,Carnivore,Invertivore,Insessorial,-5.78,9.18,1.08,107.82,387896.02
112,Spectacled Bulbul,Least Concern,Pycnonotus xanthopygos,Pycnonotidae,Passeriformes,18.6,9.4,4.1,5.2,21.7,92.4,14.1,78.5,15.2,89.2,37.6,NA,Shrubland,2,1,Herbivore,Frugivore,Insessorial,12.59,37.5,23.04,43.11,1313216.5
113,Spectacled Spiderhunter,Least Concern,Arachnothera flavigaster,Nectariniidae,Passeriformes,40.3,31.9,7.4,6,20.4,102.2,18.7,83.6,18.2,44.5,38.4,NA,Forest,1,1,Omnivore,Omnivore,Insessorial,-5.95,11.65,0.97,107.44,1166970.15
114,Spotted Dove,Least Concern,Spilopelia chinensis,Columbidae,Columbiformes,19.9,10.8,3.5,3.5,19.9,138.8,42,96.7,30.3,127.3,159,NA,Woodland,3,1,Herbivore,Granivore,Terrestrial,-10.94,40.87,19.96,107.84,7371539.16
115,Spotted Fantail,Least Concern,Rhipidura perlata,Rhipiduridae,Passeriformes,14.8,7.8,4.9,4,15.1,83.3,16.3,67.2,19.5,81.6,13.4,NA,Forest,1,1,Carnivore,Invertivore,Insessorial,-5.95,7.26,0.74,108.74,1287003.58
116,Streaked Bulbul,Near Threatened,Ixos malaccensis,Pycnonotidae,Passeriformes,26,17.2,5.2,6.5,16.9,104,20.1,83.9,19.4,84.2,37.3,NA,Forest,1,1,Omnivore,Frugivore,Insessorial,-5.95,13.52,1.45,109.69,976235.84
117,Streaky-breasted Spiderhunter,Least Concern,Arachnothera affinis,Nectariniidae,Passeriformes,40.5,31.1,5.7,5.2,19,87.3,16.7,71.3,19,54.2,26.4,NA,Forest,1,1,Omnivore,Omnivore,Insessorial,-8.85,7.04,-0.9,113.21,349980.16
118,Striped Wren-Babbler,Near Threatened,Kenopia striata,Pellorneidae,Passeriformes,15.9,9.4,3.4,4.2,22.2,67.3,5.7,62,8.4,50,19.9,NA,Forest,1,1,Carnivore,Invertivore,Terrestrial,-4.08,9.76,2.57,106.24,114569.69
119,Thick-billed Spiderhunter,Least Concern,Arachnothera crassirostris,Nectariniidae,Passeriformes,33.5,26.9,4.7,4.7,16.2,70.6,14.4,56.3,20.4,42.6,16,NA,Forest,1,1,Omnivore,Omnivore,Insessorial,-5.95,10.46,1.52,109.17,899703.48
120,Velvet-fronted Nuthatch,Least Concern,Sitta frontalis,Sittidae,Passeriformes,14.3,9.2,3.6,3.4,16,72.7,16.7,55.7,23,38,16.5,NA,Forest,1,1,Carnivore,Invertivore,Insessorial,-8.78,30.66,14.99,97.27,5214819.55
121,Violet Cuckoo,Least Concern,Chrysococcyx xanthorhynchus,Cuculidae,Cuculiformes,19.3,13,5.5,5.1,14.9,100.4,41,59,41,68.6,22.4,NA,Forest,1,1,Carnivore,Invertivore,Insessorial,-8.78,28.09,8.64,106.16,2956376.12
122,Wallace's Hawk-Eagle,Vulnerable,Nisaetus nanus,Accipitridae,Accipitriformes,44.2,21.6,11.3,17.3,75.5,312.7,79.8,234.6,25.4,240.8,557.8,NA,Forest,1,1,Carnivore,Vertivore,Insessorial,-5.95,11.8,0.56,108.02,1094809.57
123,Whiskered Treeswift,Least Concern,Hemiprocne comata,Hemiprocnidae,Caprimulgiformes,5.7,3.1,2.8,2,6.2,128.8,68.8,53.6,56.2,75,20.6,NA,Forest,1,1,Carnivore,Invertivore,Insessorial,-5.95,18.65,2.8,110.36,1482225.39
124,White-bellied Munia,Least Concern,Lonchura leucogastra,Estrildidae,Passeriformes,14.1,9.3,7,8.2,13.8,50,9.8,40.4,19.7,34.2,11.4,NA,Forest,2,1,Herbivore,Granivore,Generalist,-7.11,19.58,2.81,111.28,1481477.6
125,White-bellied Woodpecker,Least Concern,Dryocopus javensis,Picidae,Piciformes,56.5,43.4,14.6,12.8,33.7,219.4,49,173.5,22,161,271.4,NA,Forest,1,1,Carnivore,Invertivore,Insessorial,-8.78,39.87,10.17,104.65,2693444.77
126,White-chested Babbler,,Trichastoma rostratum,Pellorneidae,Passeriformes,18.3,10.7,3.8,3.8,23.9,70.4,8.8,60.7,12.7,46.6,21,NA,Forest,2,1,Carnivore,Invertivore,Terrestrial,-5.05,12.79,1.32,112.22,789435.46
127,White-crowned Forktail,Least Concern,Enicurus leschenaulti,Muscicapidae,Passeriformes,21.4,13.9,4.2,4.7,28.5,93.6,18.4,73.2,20.2,97.2,33.8,NA,Riverine,3,1,Carnivore,Aquatic predator,Terrestrial,-8.85,36.33,19.16,105.94,6166589.04
128,White-crowned Hornbill,Endangered,Berenicornis comatus,Bucerotidae,Bucerotiformes,152.1,126.1,35,60.7,62.3,360.2,14.4,342.6,4,401.2,1470,NA,Forest,1,1,Carnivore,Omnivore,Generalist,-5,14.81,1.8,108.94,1179089.52
129,White-fronted Falconet,Near Threatened,Microhierax latifrons,Falconidae,Falconiformes,19.5,10.2,6.8,9.7,20.6,96.8,37.9,58.8,39.2,52.8,41.2,NA,Forest,2,1,Carnivore,Invertivore,Insessorial,4,7.04,5.44,117.11,60479.23
130,Wreathed Hornbill,Vulnerable,Rhyticeros undulatus,Bucerotidae,Bucerotiformes,192.9,165.8,47.4,69,49,438.8,64.1,361.1,14.8,272.2,2214.6,NA,Forest,1,1,Herbivore,Frugivore,Insessorial,-8.85,27.44,9.93,103.94,3225027.08
131,Wrinkled Hornbill,Endangered,Rhabdotorrhinus corrugatus,Bucerotidae,Bucerotiformes,147.5,120.9,35.4,70.2,48.6,343.2,45.8,297.4,13.3,231.2,1590,NA,Forest,1,1,Herbivore,Frugivore,Insessorial,-5.95,7.25,0.71,107.72,892566.53
132,Yellow-bellied Prinia,Least Concern,Prinia flaviventris,Cisticolidae,Passeriformes,14,9.5,2.9,2.6,20.9,45.4,5.3,39.6,11.9,62.6,7,NA,Shrubland,3,1,Carnivore,Invertivore,Insessorial,-8.07,34.23,13.87,100.1,4037497.01
133,Yellow-breasted Flowerpecker,Least Concern,Prionochilus maculatus,Dicaeidae,Passeriformes,10.9,7.2,3.7,4.2,13.9,52.7,8.7,43.9,16.6,23.6,8,NA,Forest,1,1,Herbivore,Frugivore,Insessorial,-5.95,13.45,1.33,108.11,1401405.5
134,Yellow-crowned Barbet,Near Threatened,Psilopogon henricii,Megalaimidae,Piciformes,24.3,19.4,11,11.2,21.4,91.8,18.1,73.3,19.9,49.3,74.1,NA,Forest,1,1,Herbivore,Frugivore,Insessorial,-5.95,9.16,0.66,108.67,715928.64
135,Yellow-eared Spiderhunter,Least Concern,Arachnothera chrysogenys,Nectariniidae,Passeriformes,43.4,36.3,5.7,4.5,18.4,82.9,14.7,66.8,18,39.6,23.2,NA,Forest,1,1,Omnivore,Omnivore,Insessorial,-7.77,13.63,0.58,107.49,1237350.36
136,Yellow-rumped Flowerpecker,Least Concern,Prionochilus xanthopygius,Dicaeidae,Passeriformes,10,7,3.9,4.2,13.5,51.8,8,43.8,15.6,24.2,7.6,NA,Forest,1,1,Herbivore,Omnivore,Insessorial,-1.23,7.13,2.45,114.79,383880.17
137,Yellow-vented Bulbul,Least Concern,Pycnonotus goiavier,Pycnonotidae,Passeriformes,18.5,11.2,4.3,5,20.9,87,12.9,75.9,14.5,77.2,27.8,NA,Shrubland,2,1,Herbivore,Omnivore,Insessorial,-9.11,18.7,3.53,109.8,2111233.61
138,Zebra Dove,Least Concern,Geopelia striata,Columbidae,Columbiformes,17.2,7.6,2.5,2.9,15.5,97,27.1,70.6,27.7,95,56.6,NA,Woodland,2,1,Herbivore,Granivore,Terrestrial,-8.96,18.65,2.77,107.92,1047872.82
139,Barn_Swallow,Least Concern,Hirundo rustica,Hirundinidae,Passeriformes,12.4,6,4.5,2.7,11.7,115.8,62.3,56,52.6,71.4,17.9,NA,Human Modified,3,3,Carnivore,Invertivore,Aerial,-37.53,71.13,47.56,34.57,51701054.06
140,Glossy_Swiftlet,Least Concern,Collocalia esculenta,Apodidae,Caprimulgiformes,7.1,2.5,1.7,1.6,8.1,99.5,66.4,30.8,68.3,41,6.3,NA,Forest,1,1,Carnivore,Invertivore,Aerial,-22.71,18.65,-0.2,121.13,2754917.74
141,Pacific_Swallow,Least Concern,Hirundo tahitica,Hirundinidae,Passeriformes,10.6,6,4.3,2.5,9.7,102.2,43.3,58.8,42.5,58.5,17.8,Hirundo javanica,Coastal,3,2,Carnivore,Invertivore,Aerial,-17.88,-16.98,-17.66,-149.46,1208.55
142,Straw-headed_Bulbul,Critically Endangered,Pycnonotus zeylanicus,Pycnonotidae,Passeriformes,24.3,13.2,5.1,7,24.1,114.4,12.6,101.7,10.9,105.4,86.3,NA,Forest,2,1,Herbivore,Frugivore,Insessorial,-5.18,7.36,2.15,111.51,656927.06
143,Thick-billed_Flowerpecker,Least Concern,Dicaeum agile,Dicaeidae,Passeriformes,10.5,6.3,3.7,4.3,14.6,61.6,15.5,46.3,25.1,31.1,9,NA,Forest,2,1,Herbivore,Frugivore,Insessorial,-10.37,33.69,16.87,91.52,4429303.46
144,Asian Black Hornbill,Vulnerable,Anthracoceros malayanus,Bucerotidae,Bucerotiformes,147.1,115.4,32,65,45.8,289.4,15.1,276.7,5.3,320.4,1050,NA,Forest,1,1,Herbivore,Frugivore,Insessorial,-5.95,8.1,0.64,109.01,798560.44
145,Asian Paradise-Flycatcher,Least Concern,Terpsiphone paradisi,Monarchidae,Passeriformes,24.9,14,7.8,5.9,18,95,18.3,73,20.1,110.2,19.2,Terpsiphone affinis,Woodland,2,2,Carnivore,Invertivore,Insessorial,5.92,42.65,26.34,76.61,3076941.41
146,Banded Pitta,Least Concern,Erythropitta arquata,Pittidae,Passeriformes,24.6,15.5,6.5,7.5,39,89.4,14.2,75.5,15.7,42.2,54,NA,Forest,1,1,Carnivore,Invertivore,Terrestrial,-1.76,6.62,2.74,115.37,214049.06
147,Black-and-white Bulbul,Near Threatened,Microtarsus melanoleucos,Pycnonotidae,Passeriformes,17.6,10.7,4.2,4.3,13.9,83.2,15.7,67.3,18.9,68.4,31,NA,Forest,1,1,Herbivore,Frugivore,Insessorial,-6.17,9,0.82,108.49,1181602.12
148,Black-bellied Malkoha,Near Threatened,Phaenicophaeus diardi,Cuculidae,Cuculiformes,31.6,24.4,11.3,12.5,29.6,127.2,12.4,114.3,9.8,195.5,62.1,NA,Forest,1,1,Carnivore,Invertivore,Insessorial,-5.96,11.83,1.27,108.18,1255042.99
149,Black-headed Pitta,Least Concern,Erythropitta ussheri,Pittidae,Passeriformes,22.9,14.3,5.9,7.3,39.7,84.4,11.3,71.2,13.7,29.5,55.3,NA,Forest,1,1,Carnivore,Invertivore,Terrestrial,4.13,7.04,5.54,117.54,41122.35
150,Blue-banded Kingfisher,Near Threatened,Alcedo peninsulae,Alcedinidae,Coraciiformes,49.4,38.4,7.7,10.3,11.6,80.7,17.1,62.7,21.4,35.1,43.1,NA,Riverine,1,1,Carnivore,Aquatic predator,Insessorial,-5.95,15.64,1.04,107.59,1168022.53
151,Blue-crowned Hanging-Parrot,Least Concern,Loriculus galgulus,Psittacidae,Psittaciformes,15.7,11.7,6.6,8.5,10.1,79.6,33.8,46.2,42.1,32.2,28,NA,Forest,1,1,Herbivore,Frugivore,Insessorial,-6.87,10.85,1.04,108.17,1413389.85
152,Blue-eared Barbet,Least Concern,Psilopogon cyanotis,Megalaimidae,Piciformes,17.6,13.9,7.7,8.3,19.6,83.7,16.1,67.5,19.3,50.4,33.3,NA,Forest,1,1,Herbivore,Frugivore,Insessorial,8,29.43,18.97,100.36,1491530.46
153,Bold-striped Tit-Babbler,Least Concern,Mixornis bornensis,Timaliidae,Passeriformes,15.8,9.1,3.5,3.8,19.1,62.7,5.7,57,9.1,54.5,11.8,NA,Forest,2,1,Carnivore,Invertivore,Insessorial,-7.82,7.36,0.44,113.7,714008.81
154,Bornean Blue-Flycatcher,Least Concern,Cyornis superbus,Muscicapidae,Passeriformes,15.6,10.3,4.6,3.9,15.7,71,14.2,56.2,20.2,56.2,18,Cyornis omissus,Forest,1,1,Carnivore,Invertivore,Insessorial,-4.19,7.14,0.96,114.27,686177.62
155,Changeable Hawk-Eagle,Least Concern,Nisaetus cirrhatus,Accipitridae,Accipitriformes,49.9,25.8,12.6,21.7,97.7,414.6,115.8,298.5,27.9,289.8,1475.1,NA,Forest,1,1,Carnivore,Vertivore,Insessorial,-8.85,30.26,13.11,94.36,4408300.11
156,Checker-throated Woodpecker,Near Threatened,Chrysophlegma mentale,Picidae,Piciformes,33.1,24.3,8.8,8.6,24.2,142.8,35.8,107,25,106.5,99.7,NA,Forest,1,1,Carnivore,Invertivore,Insessorial,-8.78,-6.45,-7.53,110.32,40422.48
157,Chestnut-backed Scimitar-Babbler,Least Concern,Pomatorhinus montanus,Timaliidae,Passeriformes,25.5,17.8,3.8,5.7,29.3,85,9.1,75.1,10.8,81.2,28.6,NA,Forest,1,1,Carnivore,Invertivore,Generalist,-8.55,7.36,0.66,110.55,1078578.59
158,Chestnut-bellied Malkoha,Near Threatened,Phaenicophaeus sumatranus,Cuculidae,Cuculiformes,36.1,26.4,10.5,13.2,32.5,138.8,14.9,125.1,10.6,212.4,91.9,NA,Forest,1,1,Carnivore,Invertivore,Insessorial,-5.96,11.83,1.23,108.15,1280940.39
159,Chestnut-breasted Malkoha,Least Concern,Phaenicophaeus curvirostris,Cuculidae,Cuculiformes,45,29.4,14.3,17.1,34.1,164.5,17.6,146.9,10.7,224.5,154,NA,Forest,1,1,Carnivore,Invertivore,Insessorial,-8.85,13.97,0.78,108.54,1217500.23
160,Crested Serpent-Eagle,Least Concern,Spilornis cheela,Accipitridae,Accipitriformes,45.6,30.1,14.4,20.8,82.2,373.7,112.6,261.1,30.1,237.4,597.7,NA,Forest,1,1,Carnivore,Vertivore,Insessorial,-8.85,34.11,16.74,98.68,6837152.16
161,Drongo Cuckoo,Least Concern,Surniculus dicruroides,Cuculidae,Cuculiformes,23.5,14.7,6.2,7.1,15.6,135.8,47,88.8,34.6,123,29.7,NA,Forest,2,1,Carnivore,Invertivore,Insessorial,5.92,33.71,23.85,95.65,3187996.6
162,Finsch's Bulbul,Near Threatened,Iole finschii,Pycnonotidae,Passeriformes,17.5,11.6,4.7,5.6,15.9,84.8,16.2,68.6,19,67.2,24.2,NA,Forest,1,1,Omnivore,Omnivore,Insessorial,-5.95,6.53,0.81,110.14,779808.76
163,Gold-whiskered Barbet,Least Concern,Psilopogon chrysopogon,Megalaimidae,Piciformes,45.8,37.6,15.8,17.5,31.5,124.7,23.7,103,18.8,74,151,NA,Forest,1,1,Omnivore,Frugivore,Insessorial,-5.49,11.89,1.68,110.83,924419.88
164,Green Imperial-Pigeon,Near Threatened,Ducula aenea,Columbidae,Columbiformes,30.4,16.3,8.1,6.9,30.2,240,74.6,165.4,31.1,143.2,545,NA,Forest,1,1,Herbivore,Frugivore,Insessorial,-10.32,28.15,12.16,102.13,5136924.07
165,Grey-capped Woodpecker,Least Concern,Picoides canicapillus,Picidae,Piciformes,16.8,13.7,5.1,5.1,14.2,83.3,23.6,60,28.3,42.3,25.8,NA,Forest,1,1,Carnivore,Invertivore,Insessorial,-5.95,52.8,27.99,112.03,8010257.64
166,Grey-cheeked Bulbul,Vulnerable,Alophoixus tephrogenys,Pycnonotidae,Passeriformes,22.7,14.9,5.8,7.3,20,104.6,20.3,84.3,19.4,80.8,35.3,NA,Forest,1,1,Omnivore,Omnivore,Insessorial,-5.17,12.49,1.26,110.77,874154.43
167,Grey-chested Jungle-Flycatcher,Near Threatened,Cyornis umbratilis,Muscicapidae,Passeriformes,17.1,11.8,5.7,4.4,16,76.2,15.4,60.9,20.2,61.4,18.2,NA,Forest,1,1,Carnivore,Invertivore,Insessorial,-6.17,7.1,0.75,108.44,1143162.84
168,Horsfield's Babbler,Least Concern,Malacocincla sepiaria,Pellorneidae,Passeriformes,18.4,10.7,4.1,5.6,26.6,73.2,6.2,67.1,8.4,39.4,25.5,NA,Forest,1,1,Carnivore,Invertivore,Generalist,-8.78,7.04,0.22,111.03,969773.94
169,Javan Myna,Vulnerable,Acridotheres javanicus,Sturnidae,Passeriformes,25.9,14.7,5.9,7.2,35.9,122.6,26.1,96.5,21.3,70.5,93.5,NA,Grassland,3,1,Omnivore,Invertivore,Generalist,-8.85,-5.88,-7.35,110.16,130826.23
170,Large Green-Pigeon,Vulnerable,Treron capellei,Columbidae,Columbiformes,31.4,18,8.6,10.3,23.1,193.8,64.8,128.4,33.5,112.4,401.3,NA,Forest,2,1,Herbivore,Frugivore,Insessorial,-5.95,12.39,0.73,107.82,1127623.03
171,Large Woodshrike,Least Concern,Tephrodornis virgatus,Vangidae,Passeriformes,26.2,16.6,7,7.1,16.8,101,21.4,77.4,21.6,64.3,37.8,NA,Forest,1,1,Carnivore,Invertivore,Insessorial,-8.78,29.56,14.42,103.63,4664545.5
172,Lesser Cuckoo-Shrike,Least Concern,Lalage fimbriata,Campephagidae,Passeriformes,19.1,10.6,6.3,5.2,19.3,95.9,24.3,71.6,25.3,67.1,29.3,NA,Forest,1,1,Carnivore,Invertivore,Insessorial,-8.85,11.65,0.54,108.19,1316199.59
173,Lesser Fish-Eagle,Near Threatened,Icthyophaga humilis,Accipitridae,Accipitriformes,49.5,27.1,13.6,18.6,63,353.2,116.3,234.4,33.1,182.8,782,NA,Wetland,3,1,Carnivore,Aquatic predator,Insessorial,-6.5,31.96,9.46,104.74,2763882.32
174,Little Bronze-Cuckoo,Least Concern,Chalcites minutillus,Cuculidae,Cuculiformes,18.8,12.2,5.1,4.7,14.7,93.2,35.4,58.5,37.7,59.6,18.6,NA,Forest,1,1,Carnivore,Invertivore,Insessorial,-31.45,11.31,-9.9,133.84,2896885.75
175,Little Green-Pigeon,Least Concern,Treron olax,Columbidae,Columbiformes,17.9,9.9,4.1,4.7,17.1,118.8,40.7,79.1,34,64.4,77,NA,Forest,2,1,Herbivore,Frugivore,Insessorial,-7.48,10.05,0.88,108.41,1359140.89
176,Magpie Robin,Least Concern,Copsychus saularis,Muscicapidae,Passeriformes,23.2,15,5.4,5.8,29.5,97.5,18.7,79.2,19.1,84,36,NA,Woodland,1,1,Carnivore,Invertivore,Terrestrial,-8.85,33.84,19.34,97.13,9009660.2
177,Malaysian Blue-Flycatcher,Near Threatened,Cyornis turcosus,Muscicapidae,Passeriformes,14.7,9.7,5,3.9,18.2,75.3,13.2,62,17.7,54.8,16.2,Cyornis tickelliae,Forest,1,1,Carnivore,Invertivore,Insessorial,-5.95,7.04,0.98,112.09,836932.58
178,Malaysian Eared-Nightjar,Least Concern,Lyncornis temminckii,Caprimulgidae,Caprimulgiformes,21.1,8.2,5.1,3.7,10.7,205.2,106.8,99.2,51.8,124,95.9,NA,Forest,2,1,Carnivore,Invertivore,Aerial,-5.95,7.36,0.79,108.53,1296744.78
179,Malaysian Hawk-Cuckoo,Least Concern,Hierococcyx fugax,Cuculidae,Cuculiformes,28.3,18.5,8.3,8.7,19,175.2,52.2,121.8,30,137.4,79.7,NA,Forest,1,1,Carnivore,Invertivore,Insessorial,-7.43,10.8,0.93,108.22,1412734.29
180,Maroon-breasted Philentoma,Near Threatened,Philentoma velata,Vangidae,Passeriformes,16.3,11.2,6.9,5.2,18.7,98.4,10.7,87.7,10.9,80.8,26.1,NA,Forest,1,1,Carnivore,Invertivore,Insessorial,-7.85,14.42,1.05,108.1,1151168.58
181,Moustached Hawk-Cuckoo,Near Threatened,Hierococcyx vagans,Cuculidae,Cuculiformes,26.1,17,7.3,6.8,17.8,147.2,39.3,106.7,27,133.4,57.7,NA,Forest,1,1,Carnivore,Invertivore,Insessorial,-5.95,15.42,2.23,107.54,976640.03
182,Olive-backed Sunbird,Least Concern,Cinnyris jugularis,Nectariniidae,Passeriformes,20.7,14.9,3.3,2.5,14.5,53.4,8.8,40.5,17.7,35.2,9,NA,Shrubland,2,1,Omnivore,Omnivore,Insessorial,-24.85,25.24,7.4,112.54,5063701.81
183,Oriental Honey-Buzzard,Least Concern,Pernis ptilorhynchus,Accipitridae,Accipitriformes,55.9,21.4,13.1,15.4,49,413.6,130.7,278.6,32,263.8,1141.1,NA,Woodland,2,1,Carnivore,Invertivore,Insessorial,-10.58,56.97,32.05,103.73,11263289.52
184,Pale Blue-Flycatcher,Least Concern,Cyornis unicolor,Muscicapidae,Passeriformes,15.1,9.7,5.1,3.9,15.9,77.6,14.9,62.3,19.4,62.3,21,NA,Forest,1,1,Carnivore,Invertivore,Insessorial,-8.58,29.15,16.34,103.27,2073999.9
185,Plain-throated Sunbird,Least Concern,Anthreptes malacensis,Nectariniidae,Passeriformes,20.3,14.6,3.7,3.3,16.4,67.1,11.8,52.5,18.3,39.6,11.3,NA,Woodland,2,1,Omnivore,Invertivore,Insessorial,-10.32,21.14,3.2,108.96,2166604.35
186,Purple-throated Sunbird,Least Concern,Leptocoma sperata,Nectariniidae,Passeriformes,15.3,12.4,3.1,2.7,12.3,48.4,10.3,37.5,21.4,26.6,6.4,NA,Forest,1,1,Omnivore,Omnivore,Insessorial,2.12,19.57,12.92,122.57,229948.47
187,Red-throated Sunbird,Near Threatened,Anthreptes rhodolaemus,Nectariniidae,Passeriformes,18.2,14.1,3.9,3.6,15.4,65.2,14.4,51.6,21.8,43,13.1,NA,Forest,2,1,Herbivore,Omnivore,Insessorial,-6.17,13.57,3.47,104.39,434795.42
188,Red jungle Fowl,Least Concern,Gallus gallus,Phasianidae,Galliformes,30.9,15.4,8.9,8.9,68.1,218.2,48.9,167.6,22.5,194,751.7,NA,Forest,1,1,Herbivore,Omnivore,Terrestrial,-10.94,31.61,16.29,100.19,5096258.34
189,Red Jungle Fowl,Least Concern,Gallus gallus,Phasianidae,Galliformes,30.9,15.4,8.9,8.9,68.1,218.2,48.9,167.6,22.5,194,751.7,NA,Forest,1,1,Herbivore,Omnivore,Terrestrial,-10.94,31.61,16.29,100.19,5096258.34
190,Rhinocerous Hornbill,Vulnerable,Buceros rhinoceros,Bucerotidae,Bucerotiformes,245.4,215.3,53.6,108.4,70.5,458.5,97.2,353.5,21.7,365.6,2371.6,NA,Forest,1,1,Herbivore,Frugivore,Insessorial,-8.78,7.55,0.14,108.73,1455791.75
191,Ruby-cheeked Sunbird,Least Concern,Chalcoparia singalensis,Nectariniidae,Passeriformes,15,10.9,3.2,3.4,16.1,51.9,6.7,45.1,12.8,42.8,8.2,NA,Forest,1,1,Carnivore,Invertivore,Insessorial,-8.78,27.76,10.61,103.65,2829894.28
192,Rufous-fronted Babbler,Least Concern,Cyanoderma rufifrons,Timaliidae,Passeriformes,14.1,8,2.9,3.3,16.5,51.7,6.7,45.3,12.8,44.3,10.6,NA,Forest,1,1,Carnivore,Invertivore,Insessorial,-5.95,29.23,14.14,100.68,2386114.61
193,Rufous-tailed Shama,,Trichixos pyrropygus,Muscicapidae,Passeriformes,23.7,16.1,6.2,7.3,28.1,98.2,13.8,82.2,14.3,83.6,40.9,NA,Forest,1,1,Carnivore,Invertivore,Generalist,-6.17,7.1,0.86,108.54,1050012.65
194,Rufous-winged Philentoma,Least Concern,Philentoma pyrhoptera,Vangidae,Passeriformes,17.8,11.8,6,4.5,17.7,81.1,7.5,73.4,9.3,66,16.9,NA,Forest,1,1,Carnivore,Invertivore,Insessorial,-6.67,11.46,1.01,108.34,1224085.41
195,Scaly breasted Munia,Least Concern,Lonchura punctulata,Estrildidae,Passeriformes,11.8,8.8,6.7,7.5,14,52.6,11.9,42.4,22,39,13.6,NA,Grassland,2,1,Herbivore,Granivore,Generalist,-10.94,35.69,18.7,96.89,7189322.58
196,Thick-billed Green-Pigeon,Least Concern,Treron curvirostra,Columbidae,Columbiformes,19.4,11.9,5.9,7.4,19.9,135.9,47.5,88.6,34.9,73.9,134.5,NA,Forest,2,1,Herbivore,Frugivore,Insessorial,-7.02,28.55,13.64,102.06,3273169.54
197,Verditer,Least Concern,Eumyias thalassinus,Muscicapidae,Passeriformes,12,7.6,5,3.3,13.8,76.2,15.7,59.5,20.9,61,18.1,NA,Forest,1,1,Carnivore,Invertivore,Insessorial,-5.95,34.91,17.79,104.13,4490414.63
198,White-bellied Yuhina,Least Concern,Erpornis zantholeuca,Vireonidae,Passeriformes,15.4,8.4,3.9,4.2,16.7,66.4,11.3,54.8,17.1,44,11.8,NA,Forest,1,1,Omnivore,Invertivore,Insessorial,-4.19,29.88,17.04,104.89,3629429.65
199,Yellow-bellied Bulbul,Least Concern,Alophoixus phaeocephalus,Pycnonotidae,Passeriformes,20.5,13.6,5.4,6.5,19.9,94.4,13.2,82.4,13.8,80.6,32,NA,Forest,1,1,Omnivore,Omnivore,Insessorial,-5.95,10.59,0.86,108.44,1368840.15
200,Yellow-bellied Warbler,Least Concern,Abroscopus superciliaris,Scotocercidae,Passeriformes,12.3,7.4,3.1,2.8,16.6,51.2,6.5,44.5,12.7,42.4,6.5,NA,Shrubland,1,1,Carnivore,Invertivore,Insessorial,-8.11,28.81,9.89,105.2,2493437.47
201,Black-headed Bulbul,Least Concern,Brachypodius atriceps,Pycnonotidae,Passeriformes,15.7,10,4.4,4.7,14.8,78.6,14.1,63.6,18.1,67.2,25.5,NA,Forest,1,1,Herbivore,Frugivore,Insessorial,-8.85,28.88,10.81,103.57,2968877.33
202,Black-throated Wren-Babbler,Near Threatened,Turdinus atrigularis,Pellorneidae,Passeriformes,23.9,14.5,5,6,32.9,99.8,8.1,89.8,8.2,69.2,66.3,NA,Forest,1,1,Carnivore,Invertivore,Terrestrial,-1.56,6.05,4.01,115.91,77387.71
203,Blue-headed Pitta,Vulnerable,Hydrornis baudii,Pittidae,Passeriformes,25.5,14.2,5.3,7.4,38,89.4,14.6,75.6,16.2,37.4,66,NA,Forest,1,1,Carnivore,Invertivore,Terrestrial,-4.19,7.04,0.56,114.11,604986.6
204,Buff-vented Bulbul,Near Threatened,Iole charlottae,Pycnonotidae,Passeriformes,20.6,13.2,5.3,5.4,18.5,87.3,15.6,72,17.9,72,24,NA,Forest,1,1,Omnivore,Omnivore,Insessorial,-6.17,13.52,1.15,108.13,1131173.67
205,Chestnut-capped Thrush,Endangered,Geokichla interpres,Turdidae,Passeriformes,18.8,12.1,5.2,5.4,27.2,102.1,27.7,75,26.9,52.9,81.9,NA,Forest,2,1,Carnivore,Invertivore,Generalist,-9.11,9,-0.47,112.64,674548.8
206,Chestnut-necklaced Partridge,,Arborophila charltonii,Phasianidae,Galliformes,22.3,12.2,5.4,6.5,39.2,158.6,40.6,118.1,25.6,61.2,269.3,NA,Forest,1,1,Herbivore,Omnivore,Terrestrial,-5.21,11.67,5.4,100.76,111853.87
207,Chestnut-winged Babbler,Least Concern,Cyanoderma erythropterum,Timaliidae,Passeriformes,16,9.8,3.4,4,21.1,59.7,5.6,53.8,9.4,48.2,12.6,Cyanoderma bicolor,Forest,1,1,Carnivore,Invertivore,Insessorial,-5.95,11.39,1.19,101.5,593405.28
208,Giant Pitta,Near Threatened,Hydrornis caeruleus,Pittidae,Passeriformes,40.1,24.9,10.3,13.3,52.7,145,16.7,129.1,11.4,54.6,202,NA,Forest,1,1,Carnivore,Invertivore,Terrestrial,-5.72,14.06,4.58,110.18,357016.42
209,Grey-bellied Bulbul,Near Threatened,Ixidia cyaniventris,Pycnonotidae,Passeriformes,14.6,8.6,3.9,3.9,14.2,75.6,13.4,62.8,17.5,58.6,22,NA,Forest,1,1,Herbivore,Frugivore,Insessorial,-5.95,14.54,1.51,108.49,926808.78
210,Long-tailed Parakeet,Vulnerable,Belocercus longicaudus,Psittacidae,Psittaciformes,26.7,21,12.9,22.7,15.7,146.8,67.3,75.7,47.1,192.6,107,NA,Forest,1,1,Herbivore,Omnivore,Insessorial,-6.12,14.92,0.86,110.86,877581.6
211,Orange-backed Woodpecker,Least Concern,Chrysocolaptes validus,Picidae,Piciformes,45.6,35.8,10.6,10.9,28.7,153.4,24.9,129.1,16.1,85.4,149,NA,Forest,1,1,Carnivore,Invertivore,Insessorial,-8.01,9.01,0.62,108.79,1291734.8
212,Puff-backed Bulbul,Near Threatened,Euptilotus eutilotus,Pycnonotidae,Passeriformes,18.3,11.8,4.8,5.2,17.7,91.5,17.6,73.4,19.3,77.3,35.3,NA,Forest,1,1,Herbivore,Frugivore,Insessorial,-5.95,14.54,1.44,107.26,821688.28
213,Purple-naped Sunbird,Least Concern,Kurochkinegramma hypogrammica,Nectariniidae,Passeriformes,21.5,15.9,3.7,3.5,16.4,66.2,9.1,57.4,13.7,47.2,11.4,NA,Forest,1,1,Herbivore,Omnivore,Insessorial,-5.95,26.42,7.01,105.83,2037212.16
214,Short-tailed Babbler,,Trichastoma malaccense,Pellorneidae,Passeriformes,17.5,10.3,4.1,4.3,29.5,69,5,63.6,7.4,36,21.4,NA,Forest,2,1,Carnivore,Invertivore,Generalist,-5.89,9.37,1.08,109.14,1073369.64
215,Siberian Blue Robin,Least Concern,Larvivora cyane,Muscicapidae,Passeriformes,15,8,3.3,3.4,24.7,74.4,19.3,55,26,46.4,14.8,NA,Forest,2,3,Carnivore,Invertivore,Generalist,30.99,64.86,53.95,117.4,6965582.78
216,Slaty-breasted Rail,Vulnerable,Aramidopsis plateni,Rallidae,Gruiformes,49.8,29.7,3.9,8.5,58.2,138,5.9,132.1,4.3,36,116,Lewinia striata,Woodland,2,1,Carnivore,Aquatic predator,Terrestrial,-4.9,1.76,-1.27,121.86,83126.44
217,White-rumped Shama,,Kittacincla malabarica,Muscicapidae,Passeriformes,20.7,12.8,4.6,5.4,27,95.6,16.8,78.8,17.7,121.8,29.2,NA,Forest,1,1,Carnivore,Invertivore,Insessorial,-8.78,30.6,13.24,98.35,4340999.43
218,Scaly-breasted_Bulbul,Near Threatened,Ixidia squamata,Pycnonotidae,Passeriformes,14.4,7.2,4.1,3.7,15.2,73.8,13.1,60.7,17.8,60.2,22,NA,Forest,1,1,Herbivore,Frugivore,Insessorial,-8.35,11.43,1.25,108.23,296711.64
219,Blue-breasted Quail,Least Concern,Synoicus chinensis,Phasianidae,Galliformes,13,7.4,3.3,4.2,19,69.7,16.3,57,22.2,27,40.4,NA,Grassland,2,1,Herbivore,Omnivore,Terrestrial,-39.24,28.96,8.56,109.19,8165093.61
220,Bornean Ground-Cuckoo,Vulnerable,Carpococcyx radiceus,Cuculidae,Cuculiformes,57.1,37.2,12.1,19.5,81.1,258.6,16.2,240.8,6.2,298.2,495.7,NA,Forest,1,1,Carnivore,Invertivore,Terrestrial,-3.57,6.69,0.61,114.4,466895.64
221,Hill Blue-Flycatcher,Critically Endangered,Cyornis banyumas,Muscicapidae,Passeriformes,14.9,9.8,4.6,3.7,15.7,71.8,14.7,57,20.5,53,14.5,NA,Forest,1,1,Carnivore,Invertivore,Insessorial,-8.78,30.67,18.14,103.82,1769236.14
222,Large-billed Blue-Flycatcher,Vulnerable,Cyornis caerulatus,Muscicapidae,Passeriformes,15.3,10.4,4.9,4.6,17,71.6,14.5,57.1,20.1,52.5,17.8,NA,Forest,1,1,Carnivore,Invertivore,Insessorial,-5.95,7.04,0.21,108.67,963047.21
223,Olive-backed Woodpecker,,Dinopium rafflesii,Picidae,Piciformes,31.6,24.6,8.9,8.5,23.3,134.2,24.2,103.3,19,90.5,102,NA,Forest,1,1,Carnivore,Invertivore,Insessorial,-5.91,16.47,1.37,108.64,1030245.34
224,Rusty-breasted_Cuckoo,Least Concern,Cacomantis castaneiventris,Cuculidae,Cuculiformes,20.6,12.1,5.6,5.5,16.4,110.4,43.2,71.5,37.7,120.4,33.2,NA,Forest,1,1,Carnivore,Invertivore,Insessorial,-18,0.04,-5.63,140.88,790922.13
